GuidelineCode,DocumentTitle,DocumentUrl,DocumentType,FileFormat
Q1A(R2),Q1A(R2) Guideline,https://database.ich.org/sites/default/files/Q1A%28R2%29%20Guideline.pdf,Guideline,PDF
Q1B,Q1B Guideline,https://database.ich.org/sites/default/files/Q1B%20Guideline.pdf,Guideline,PDF
Q1C,Q1C Guideline,https://database.ich.org/sites/default/files/Q1C%20Guideline.pdf,Guideline,PDF
Q1D,Q1D Guideline,https://database.ich.org/sites/default/files/Q1D%20Guideline.pdf,Guideline,PDF
Q1E,Q1E Guideline,https://database.ich.org/sites/default/files/Q1E%20Guideline.pdf,Guideline,PDF
Q1E,Q1E Presentation,https://database.ich.org/sites/default/files/Q1E%20Presentation.pdf,WG Presentations / Trainings,PDF
Q1F,Q1F Stability Guideline WHO 2018,https://database.ich.org/sites/default/files/Q1F_Stability_Guideline_WHO_2018.pdf,Other documents,PDF
Q1F,Q1F Explanatory Note,https://database.ich.org/sites/default/files/Q1F_Explanatory_Note.pdf,Other documents,PDF
Q1 EWG,ICH Q1 Draft Guideline,https://database.ich.org/sites/default/files/ICH_Q1EWG_Step2_Draft_Guideline_2025_0411.pdf,Guideline,PDF
Q1 EWG,Q1/Q5C Concept Paper,https://database.ich.org/sites/default/files/ICH_Q1Q5C_ConceptPaper_Final_2022_1114.pdf,Endorsed Documents,PDF
Q1 EWG,Q1/Q5C Business Plan,https://database.ich.org/sites/default/files/ICH_Q1Q5C_BusinessPaper_Final_2022_1028.pdf,Endorsed Documents,PDF
Q1 EWG,Q1 Work Plan,https://database.ich.org/sites/default/files/ICH_Q1_EWG_WorkPlan_2025_0725_FINAL.pdf,Endorsed Documents,PDF
Q1 EWG,Q1 Step 2 Presentation,https://database.ich.org/sites/default/files/ICH_Q1_Step2_Presentation_2025_0411_0.pdf,WG Presentation/ Trainings,PDF
Q2(R2),Q2(R2) Guideline,https://database.ich.org/sites/default/files/ICH_Q2%28R2%29_Guideline_2023_1130_ErrorCorrection_2025.pdf,Guideline,PDF
Q2(R2),Q2(R2)/Q14 Concept Paper,https://database.ich.org/sites/default/files/Q2R2-Q14_EWG_Concept_Paper.pdf,Endorsed Documents,PDF
Q2(R2),Q2(R2)/Q14 Business Plan,https://database.ich.org/sites/default/files/Q2R2-Q14_EWG_Business_Plan.pdf,Endorsed Documents,PDF
Q2(R2),Q2(R2)/Q14 Step 4 Presentation,https://database.ich.org/sites/default/files/Q2_Q14%20ICH_Step_4_Presentation_2023_1106_0.pdf,WG Presentations/Trainings,PDF
Q2(R2)/Q14,Q2(R2)/Q14 IWG Concept Paper,https://database.ich.org/sites/default/files/ICH_Q2R2Q14_IWG_Final_Concept_2023_1030.pdf,Endorsed Documents,PDF
Q2(R2)/Q14,Q2(R2)/Q14 Training Material Map of Contents,https://database.ich.org/sites/default/files/ICH_Q2%28R2%29Q14_TrainingMat_MapofContents_2025_0620.pdf,WG Presentations / Trainings,PDF
Q2(R2)/Q14,Q2(R2)/Q14 Training Material Module 1,https://database.ich.org/sites/default/files/ICH_Q2%28R2%29Q14_TrainingMat_%20Module_1_2025_0620.pdf,WG Presentations / Trainings,PDF
Q2(R2)/Q14,Q2(R2)/Q14 Training Material Module 2,https://database.ich.org/sites/default/files/ICH_Q2%28R2%29Q14_TrainingMat_Module%20_2_2025_0620.pdf,WG Presentations / Trainings,PDF
Q2(R2)/Q14,Q2(R2)/Q14 Training Material Module 3,https://database.ich.org/sites/default/files/ICH_Q2%28R2%29Q14_TrainingMat_Module_3_2025_0620.pdf,WG Presentations / Trainings,PDF
Q2(R2)/Q14,Q2(R2)/Q14 Training Material Module 4,https://database.ich.org/sites/default/files/ICH_Q2%28R2%29Q14_TrainingMat_%20Module_4_2025_0620.pdf,WG Presentations / Trainings,PDF
Q2(R2)/Q14,Q2(R2)/Q14 Training Material Module 5,https://database.ich.org/sites/default/files/ICH_Q2%28R2%29Q14_TrainingMat_Module_5_2025_0620.pdf,WG Presentations / Trainings,PDF
Q2(R2)/Q14,Q2(R2)/Q14 Training Material Module 6,https://database.ich.org/sites/default/files/ICH_Q2%28R2%29Q14_TrainingMat_Module_6_2025_0620.pdf,WG Presentations / Trainings,PDF
Q2(R2)/Q14,Q2(R2)/Q14 Training Material Module 7,https://database.ich.org/sites/default/files/ICH_Q2%28R2%29Q14_TrainingMat_Module7_2025_0620.pdf,WG Presentations / Trainings,PDF
Q3A(R2),Q3A(R2) Guideline,https://database.ich.org/sites/default/files/Q3A%28R2%29%20Guideline.pdf,Guideline,PDF
Q3B(R2),Q3B(R2) Guideline,https://database.ich.org/sites/default/files/Q3B%28R2%29%20Guideline.pdf,Guideline,PDF
Q3B(R2),Q3B(R2) Concept Paper,https://database.ich.org/sites/default/files/Q3B%28R2%29%20Concept%20Paper.pdf,Endorsed Document,PDF
Q3C(R9),Q3C(R9) Guideline,https://database.ich.org/sites/default/files/ICH_Q3C%28R9%29_Guideline_MinorRevision_2024_2024_Approved.pdf,Guideline,PDF
Q3C(R9),Q3C(R9) Concept Paper,https://database.ich.org/sites/default/files/Q3C%20Concept%20Paper_0_0.pdf,Endorsed Documents,PDF
Q3C(R9),Support Documents,https://database.ich.org/sites/default/files/ICH_Q3C_Support_Documents_2020_0116_0_0.zip,Other Documents,ZIP
Q3C(R10) Maintenance EWG,Q3C(R10) Concept Paper,https://database.ich.org/sites/default/files/ICH_Q3C%28R10%29_FinalConceptPaper_2024_1126_0.pdf,Endorsed Documents,PDF
Q3C(R10) Maintenance EWG,Q3C Work Plan,https://database.ich.org/sites/default/files/ICH_Q3C%28R10%29_EWG_WorkPlan_2025_0725_FINAL.pdf,Endorsed Documents,PDF
Q3C(R10) Maintenance EWG,Support Documents,https://database.ich.org/sites/default/files/ICH_Q3C_Support_Documents_2020_0116_0_0_0.zip,Other Documents,ZIP
Q3C(R10) Maintenance EWG,"Maintenance Procedure for Q3C, Q3D and M7",https://database.ich.org/sites/default/files/Annex%204%20-%20Maintenance%20Procedure%20for%20Q3C%2C%20Q3D%2C%20and%20M7.pdf,Maintenance Procedure,PDF
Q3D(R2),Q3D(R2) Guideline,https://database.ich.org/sites/default/files/Q3D-R2_Guideline_Step4_2022_0308.pdf,Guideline,PDF
Q3D(R2),Q3D(R2) Maintenance Concept Paper,https://database.ich.org/sites/default/files/Q3D%28R2%29%20Concept%20Paper_1.pdf,Endorsed Documents,PDF
Q3D(R2),Q3D(R2) Maintenance Work Plan,https://database.ich.org/sites/default/files/Q3D%28R2%29_EWG_WorkPlan_2022_0204.pdf,Endorsed Documents,PDF
Q3D(R2),Q3D(R2) Step 4 Presentation,https://database.ich.org/sites/default/files/ICH_Q3D%28R2%29_Step4Presentation_2022_0527.pdf,WG Presentations / Trainings,PDF
Q3D(R3) Maintenance,"Maintenance Procedure for Q3C, Q3D and M7",https://database.ich.org/sites/default/files/Annex%204%20-%20Maintenance%20Procedure%20for%20Q3C%2C%20Q3D%2C%20and%20M7_0.pdf,Maintenance Procedure,PDF
Q3D training,Q3D Training Concept Paper,https://database.ich.org/sites/default/files/Q3D%20Training%20Concept%20Paper.pdf,Endorsed Documents,PDF
Q3D training,Q3D Training Business Plan,https://database.ich.org/sites/default/files/Q3D%20Training%20Business%20Plan.pdf,Endorsed Documents,PDF
Q3D training,Q3D Training Package Module 0-9,https://database.ich.org/sites/default/files/Training_package_Module_0_9%20%283%29.zip,WG Presentations / Trainings,ZIP
Q3E EWG,ICH Q3E Draft Guideline,https://database.ich.org/sites/default/files/ICH_Q3E_EWG_Step2_DraftGuideline_2025_0704.pdf,Guideline,PDF
Q3E EWG,Guideline Supporting Documentation,https://database.ich.org/sites/default/files/ICH_Q3E_Step2_SupportingDocumentation_Class3_LeachableMonographs_2025_0704.pdf,Guideline,PDF
Q3E EWG,Q3E Concept Paper,https://database.ich.org/sites/default/files/ICH_Q3E_ConceptPaper_2020_0710.pdf,Endorsed Documents,PDF
Q3E EWG,Q3E Business Plan,https://database.ich.org/sites/default/files/ICH_Q3E_Business_Plan_2020_0710.pdf,Endorsed Documents,PDF
Q3E EWG,Q3E Work Plan,https://database.ich.org/sites/default/files/ICH_Q3E_EWG_WorkPlan_2025_0805_FINAL.pdf,Endorsed Documents,PDF
Q3E EWG,Q3E Step 2 Presentation,https://database.ich.org/sites/default/files/ICH_Q3E_Step2_Presentation_2025_0826.pdf,WG Presentations / Trainings,PDF
Q4B,Q4B Guideline,https://database.ich.org/sites/default/files/Q4B%20Guideline.pdf,Guideline,PDF
Q4B,Q4B Presentation,https://database.ich.org/sites/default/files/Q4B%20Presentation.pdf,WG Presentations / Trainings,PDF
Q4B,Q4B Frequently Asked Questions (FAQs),https://database.ich.org/sites/default/files/Q4B_Frequently%20Asked%20Questions_26.April_.pdf,Other documents,PDF
Q4B,Maintenance of Q4B,https://database.ich.org/sites/default/files/Annex%205%20-%20Maintenance%20of%20Q4B_Revised.pdf,Maintenance Procedure,PDF
Q4B(R1),Q4B(R1) Guideline,https://database.ich.org/sites/default/files/ICH_Q4B%28R1%29_Guideline_2024_0605.pdf,Guideline,PDF
Q4B Annex 1(R1),Q4B Annex 1(R1),https://database.ich.org/sites/default/files/Q4B%20Annex%201%28R1%29%20Guideline.pdf,Guideline,PDF
Q4B Annex 1(R1),Q4B Frequently Asked Questions (FAQs),https://database.ich.org/sites/default/files/Q4B_Frequently%20Asked%20Questions_26.April__0.pdf,Other documents,PDF
Q4B Annex 2(R1),Q4B Annex 2(R1),https://database.ich.org/sites/default/files/Q4B%20Annex%202%28R1%29%20Guideline.pdf,Guideline,PDF
Q4B Annex 2(R1),Q4B Frequently Asked Questions (FAQs),https://database.ich.org/sites/default/files/Q4B_Frequently%20Asked%20Questions_26.April__6.pdf,Other document,PDF
Q4B Annex 3(R1),Q4B Annex 3(R1),https://database.ich.org/sites/default/files/Q4B%20Annex%203%28R1%29%20Guideline.pdf,Guideline,PDF
Q4B Annex 3(R1),Q4B Frequently Asked Questions (FAQs),https://database.ich.org/sites/default/files/Q4B_Frequently%20Asked%20Questions_26.April__7.pdf,Other documents,PDF
Q4B Annex 4A(R1),Q4B Annex 4A(R1),https://database.ich.org/sites/default/files/Q4B%20Annex4A%28R1%29%20Guideline.pdf,Guideline,PDF
Q4B Annex 4A(R1),Q4B Frequently Asked Questions (FAQs),https://database.ich.org/sites/default/files/Q4B_Frequently%20Asked%20Questions_26.April__8.pdf,Other documents,PDF
Q4B Annex 4B(R1),Q4B Annex 4B(R1),https://database.ich.org/sites/default/files/Q4B%20Annex4B%28R1%29%20Guideline.pdf,Guideline,PDF
Q4B Annex 4B(R1),Q4B Frequently Asked Questions (FAQs),https://database.ich.org/sites/default/files/Q4B_Frequently%20Asked%20Questions_26.April__9.pdf,Other documents,PDF
Q4B Annex 4C(R1),Q4B Annex 4C(R1),https://database.ich.org/sites/default/files/Q4B%20Annex4C%28R1%29%20Guideline.pdf,Guideline,PDF
Q4B Annex 4C(R1),Q4B Frequently Asked Questions (FAQs),https://database.ich.org/sites/default/files/Q4B_Frequently%20Asked%20Questions_26.April__10.pdf,Other documents,PDF
Q4B Annex 5(R1),Q4B ANNEX 5(R1),https://database.ich.org/sites/default/files/Q4B%20Annex%205%28R1%29%20Guideline.pdf,Guideline,PDF
Q4B Annex 5(R1),Q4B Frequently Asked Questions (FAQs),https://database.ich.org/sites/default/files/Q4B_Frequently%20Asked%20Questions_26.April__11.pdf,Other documents,PDF
Q4B Annex 6,Q4B Annex 6,https://database.ich.org/sites/default/files/Q4B%20Annex%206%20Guideline.pdf,Guideline,PDF
Q4B Annex 6,Q4B Frequently Asked Questions (FAQs),https://database.ich.org/sites/default/files/Q4B_Frequently%20Asked%20Questions_26.April__12.pdf,Other documents,PDF
Q4B Annex 7(R2),Q4B Annex 7(R2),https://database.ich.org/sites/default/files/Q4B%20Annex%207%20%28R2%29%20Guideline.pdf,Guideline,PDF
Q4B Annex 7(R2),Q4B Frequently Asked Questions (FAQs),https://database.ich.org/sites/default/files/Q4B_Frequently%20Asked%20Questions_26.April__13.pdf,Other documents,PDF
Q4B Annex 8(R1),Q4B Annex 8(R1),https://database.ich.org/sites/default/files/Q4B%20Annex%208%28R1%29%20Guideline.pdf,Guideline,PDF
Q4B Annex 8(R1),Q4B Frequently Asked Questions (FAQs),https://database.ich.org/sites/default/files/Q4B_Frequently%20Asked%20Questions_26.April__14.pdf,Other documents,PDF
Q4B Annex 9(R1),Q4B Annex 9(R1),https://database.ich.org/sites/default/files/Q4B%20Annex%209%28R1%29%20Guideline.pdf,Guideline,PDF
Q4B Annex 9(R1),Q4B Frequently Asked Questions (FAQs),https://database.ich.org/sites/default/files/Q4B_Frequently%20Asked%20Questions_26.April__15.pdf,Other documents,PDF
Q4B Annex 10(R1),Q4B Annex 10(R1),https://database.ich.org/sites/default/files/Q4B%20Annex%2010%28R1%29%20Guideline.pdf,Guideline,PDF
Q4B Annex 10(R1),Q4B Frequently Asked Questions (FAQs),https://database.ich.org/sites/default/files/Q4B_Frequently%20Asked%20Questions_26.April__1.pdf,Other documents,PDF
Q4B Annex 11,Q4B Annex 11,https://database.ich.org/sites/default/files/Q4B%20Annex%2011%20Guideline.pdf,Guideline,PDF
Q4B Annex 11,Q4B Frequently Asked Questions (FAQs),https://database.ich.org/sites/default/files/Q4B_Frequently%20Asked%20Questions_26.April__2.pdf,Other documents,PDF
Q4B Annex 12,Q4B Annex 12,https://database.ich.org/sites/default/files/Q4B%20Annex%2012%20Guideline.pdf,Guideline,PDF
Q4B Annex 12,Q4B Frequently Asked Questions (FAQs),https://database.ich.org/sites/default/files/Q4B_Frequently%20Asked%20Questions_26.April__3.pdf,Other documents,PDF
Q4B Annex 13,Q4B Annex 13,https://database.ich.org/sites/default/files/Q4B%20Annex%2013%20Guideline.pdf,Guideline,PDF
Q4B Annex 13,Q4B Frequently Asked Questions (FAQs),https://database.ich.org/sites/default/files/Q4B_Frequently%20Asked%20Questions_26.April__4.pdf,Other documents,PDF
Q4B Annex 14,Q4B Annex 14,https://database.ich.org/sites/default/files/Q4B%20Annex%2014%20Guideline.pdf,Guideline,PDF
Q4B Annex 14,Q4B Frequently Asked Questions (FAQs),https://database.ich.org/sites/default/files/Q4B_Frequently%20Asked%20Questions_26.April__5.pdf,Other documents,PDF
Q4B FAQs,Q4B FAQs Frequently Asked Questions (FAQs),https://database.ich.org/sites/default/files/Q4B_FAQs_FAQs.pdf,Other documents,PDF
Q5A(R2),Q5A(R2) Guideline,https://database.ich.org/sites/default/files/ICH_Q5A%28R2%29_Guideline_2023_1101.pdf,Guideline,PDF
Q5A(R2),Q5A(R2) Concept Paper,https://database.ich.org/sites/default/files/Q5A-R2_FinalConceptPaper_2019_1117.pdf,Endorsed Documents,PDF
Q5A(R2),Q5A(R2) Business Plan,https://database.ich.org/sites/default/files/Q5A-R2_FinalBusinessPlan_2019_1118.pdf,Endorsed Documents,PDF
Q5A(R2),Q5A(R2) Step 4 Presentation,https://database.ich.org/sites/default/files/ICH_Q5A%28R2%29_Step4_Presentation_2023%20Final_2023_1106.pdf,WG Presentations / Trainings,PDF
Q5A(R2),Q5A(R2) IWG Concept Paper,https://database.ich.org/sites/default/files/ICH_Q5A%28R2%29_IWG_Final_Concept%20Paper_2023_1211_0.pdf,Endorsed Documents,PDF
Q5A(R2),Q5A(R2) Training Materials,https://database.ich.org/sites/default/files/Q5A%28R2%29TrainingMaterialModule1-3_2025_0428.pdf,WG Presentations / Trainings,PDF
Q5B,Q5B Guideline,https://database.ich.org/sites/default/files/Q5B%20Guideline.pdf,Guideline,PDF
Q5C,Q5C Guideline,https://database.ich.org/sites/default/files/Q5C%20Guideline.pdf,Guideline,PDF
Q5D,Q5D Guideline,https://database.ich.org/sites/default/files/Q5D%20Guideline.pdf,Guideline,PDF
Q5E,Q5E Guideline,https://database.ich.org/sites/default/files/Q5E%20Guideline.pdf,Guideline,PDF
Q5E,Q5E Concept Paper,https://database.ich.org/sites/default/files/Q5E%20Concept%20Paper.pdf,Endorsed Document,PDF
Q6A,Q6A Guideline,https://database.ich.org/sites/default/files/Q6A%20Guideline.pdf,Guideline,PDF
Q6A,Q6A Decision Tree,https://database.ich.org/sites/default/files/Q6A%20Decision%20Tree.pdf,Other document,PDF
Q6B,Q6B Guideline,https://database.ich.org/sites/default/files/Q6B%20Guideline.pdf,Guideline,PDF
Q6(R1) EWG,Q6(R1) Concept Paper,https://database.ich.org/sites/default/files/ICH_Q6%28R1%29_Final_ConceptPaper_2024_0625.pdf,Endorsed Documents,PDF
Q6(R1) EWG,Q6(R1) Work Plan,https://database.ich.org/sites/default/files/ICH_Q6%28R1%29_EWG_WorkPlan_2025_0716_FINAL.pdf,Endorsed Documents,PDF
Q7,Q7 Guideline,https://database.ich.org/sites/default/files/Q7%20Guideline.pdf,Guideline,PDF
Q7,Q7 Concept Paper,https://database.ich.org/sites/default/files/Q7%20Concept%20paper.pdf,Endorsed Document,PDF
Q7 Q&As,Q7 Q&As Questions & Answers,https://database.ich.org/sites/default/files/Q7%20Q%26As%20Questions%20%26%20Answers.pdf,Questions & Answers,PDF
Q7 Q&As,Q7 Q&As Concept Paper,https://database.ich.org/sites/default/files/Q7%20Q%26As%20Concept%20Paper.pdf,Endorsed Document,PDF
Q7 Q&As,Q7 Q&As Step 4 Presentation,https://database.ich.org/sites/default/files/Q7_Q%26As_Step4_Presentation.pdf,WG Presentations / Trainings,PDF
Q8(R2),Q8(R2) Guideline,https://database.ich.org/sites/default/files/Q8%28R2%29%20Guideline.pdf,Guideline,PDF
Q8(R2),Q8(R2) Concept Paper,https://database.ich.org/sites/default/files/Q8%28R2%29%20Concept%20Paper.pdf,Endorsed Document,PDF
Q8(R2),ICH Q8/Q9/Q10 Training Material,https://ich.org/page/training-programme-q8q9q10-0,WG Presentations/Trainings,HTML
Q8/Q9/Q10,Q8/Q9/Q10 Q&As (R5) Questions & Answers,https://database.ich.org/sites/default/files/ICH_Q9%28R1%29_Annex_1_Q8Q9Q10_QAs%28R5%29_1030.pdf,Questions & Answers,PDF
Q8/Q9/Q10,Q8/Q9/Q10 Q&As (R2) Points to Consider,https://database.ich.org/sites/default/files/Q8_Q9_Q10_Q%26As_R4_Points_to_Consider_2.pdf,Other Document,PDF
Q8/Q9/Q10,Q8/Q9/Q10 Q&As (R4) Concept Paper,https://database.ich.org/sites/default/files/Q8_Q9_Q10_Q%26As_R4_Concept_Paper_0.pdf,Endorsed Document,PDF
Q8/Q9/Q10,ICH Q8/Q9/Q10 Training Material,https://ich.org/page/training-programme-q8q9q10-0,WG Presentations/Trainings,HTML
Q9(R1),Q9(R1) Guideline,https://database.ich.org/sites/default/files/ICH_Q9%28R1%29_Guideline_Step4_2025_0115_0.pdf,Guideline,PDF
Q9(R1),Q9(R1) Concept Paper,https://database.ich.org/sites/default/files/Q9-R1_Concept%20Paper_2020_1113.pdf,Endorsed Documents,PDF
Q9(R1),Q9(R1) Business Plan,https://database.ich.org/sites/default/files/Q9-R1_BusinessPlan_2020_1026_.pdf,Endorsed Documents,PDF
Q9(R1),Q9(R1) Work Plan,https://database.ich.org/sites/default/files/Q9%28R1%29_EWG_WorkPlan_2023_0226.pdf,Endorsed Documents,PDF
Q9(R1),Q9(R1) Step 4 Presentation,https://database.ich.org/sites/default/files/ICH%20Q9R1_Step_4_Presentation_2023_0314_final.pdf,WG Presentations / Trainings,PDF
Q9(R1),Q9(R1) Training Materials,https://database.ich.org/sites/default/files/ICH_Q9%28R1%29%20EWG_Training_Materials_2023_1005.zip,WG Presentations / Trainings,ZIP
Q9(R1),ICH Q9(R1) Briefing Pack,https://ich.org/page/q9r1-briefing-pack,WG Presentations / Trainings,HTML
Q9(R1),ICH Q8/Q9/Q10 Training Material,https://ich.org/page/training-programme-q8q9q10-0,WG Presentations / Trainings,HTML
Q9(R1),ICH Q8/Q9/Q10 Q&A (R5),https://database.ich.org/sites/default/files/ICH_Q9%28R1%29_Annex_1_Q8Q9Q10_QAs%28R5%29_1030.pdf,WG Presentations / Trainings,PDF
Q9(R1) IWG,Q9(R1) Concept Paper,https://database.ich.org/sites/default/files/Q9%28R1%29_IWG_Final_ConceptPaper_2023_0324.pdf,Endorsed Documents,PDF
Q9(R1) Training Group 2024-2025 Quality Risk Management,Q9(R1) Training Group Work Plan,https://database.ich.org/sites/default/files/ICH_Q9%28R1%29_TG_WorkPlan_2025_0722_FINAL.pdf,Endorsed Documents,PDF
Q8/Q9/Q10,Q8/Q9/Q10 Q&As (R5) Questions & Answers,https://database.ich.org/sites/default/files/ICH_Q9%28R1%29_Annex_1_Q8Q9Q10_QAs%28R5%29_1030.pdf,Questions & Answers,PDF
Q8/Q9/Q10,Q8/Q9/Q10 Q&As (R2) Points to Consider,https://database.ich.org/sites/default/files/Q8_Q9_Q10_Q%26As_R4_Points_to_Consider_2.pdf,Other Document,PDF
Q8/Q9/Q10,Q8/Q9/Q10 Q&As (R4) Concept Paper,https://database.ich.org/sites/default/files/Q8_Q9_Q10_Q%26As_R4_Concept_Paper_0.pdf,Endorsed Document,PDF
Q8/Q9/Q10,ICH Q8/Q9/Q10 Training Material,https://ich.org/page/training-programme-q8q9q10-0,WG Presentations/Trainings,HTML
Q10,Q10 Guideline,https://database.ich.org/sites/default/files/Q10%20Guideline.pdf,Guideline,PDF
Q10,Q10 Concept Paper,https://database.ich.org/sites/default/files/Q10%20Concept%20Paper.pdf,Endorsed Documents,PDF
Q10,Q10 Business Plan,https://database.ich.org/sites/default/files/Q10%20Business%20Plan.pdf,Endorsed Documents,PDF
Q10,Q10 Presentation,https://database.ich.org/sites/default/files/Q10_Presentation.pdf,WG Presentations / Trainings,PDF
Q10,ICH Q8/Q9/Q10 Training Material,https://ich.org/page/training-programme-q8q9q10-0,WG Presentations / Trainings,HTML
Q8/Q9/Q10,Q8/Q9/Q10 Q&As (R5) Questions & Answers,https://database.ich.org/sites/default/files/ICH_Q9%28R1%29_Annex_1_Q8Q9Q10_QAs%28R5%29_1030.pdf,Questions & Answers,PDF
Q8/Q9/Q10,Q8/Q9/Q10 Q&As (R2) Points to Consider,https://database.ich.org/sites/default/files/Q8_Q9_Q10_Q%26As_R4_Points_to_Consider_2.pdf,Other Document,PDF
Q8/Q9/Q10,Q8/Q9/Q10 Q&As (R4) Concept Paper,https://database.ich.org/sites/default/files/Q8_Q9_Q10_Q%26As_R4_Concept_Paper_0.pdf,Endorsed Document,PDF
Q8/Q9/Q10,ICH Q8/Q9/Q10 Training Material,https://ich.org/page/training-programme-q8q9q10-0,WG Presentations/Trainings,HTML
Q11,Q11 Guideline,https://database.ich.org/sites/default/files/Q11%20Guideline.pdf,Guideline,PDF
Q11,Q11 Concept Paper,https://database.ich.org/sites/default/files/Q11%20Concept%20Paper.pdf,Endorsed Documents,PDF
Q11,Q11 Business Plan,https://database.ich.org/sites/default/files/Q11%20Business%20Plan.pdf,Endorsed Documents,PDF
Q11,Q11 Training Material,https://database.ich.org/sites/default/files/Q11_Training_Material.mp4,WG Presentations / Trainings,MP4
Q11 Q&As,Q11 Q&As Questions & Answers,https://database.ich.org/sites/default/files/Q11_Q%26As_Q%26As.pdf,Questions & Answers,PDF
Q11 Q&As,Q11 Q&As Concept Paper,https://database.ich.org/sites/default/files/Q11_Q%26As_Concept_Paper.pdf,Endorsed Documents,PDF
Q11 Q&As,Q11 Q&As Business Plan,https://database.ich.org/sites/default/files/Q11_Q%26As_Business_Plan_0.pdf,Endorsed Documents,PDF
Q11 Q&As,Q11 Q&As Step 4 Presentation,https://database.ich.org/sites/default/files/Q11_Q%26As_Step4_Presentation.pdf,WG Presentations / Trainings,PDF
Q11 Q&As,Q11 Q&As Training Material,https://database.ich.org/sites/default/files/Q11_TrainingDeck_Final_2018_0522.pdf,WG Presentations / Trainings,PDF
Q11 Q&As,Q11 - training video (mp4),https://database.ich.org/sites/default/files/ICH_Q11_TrainingVideo_FinalCompressed_2019_1007.mp4,WG Presentations / Trainings,MP4
Q11 Q&As,Q11 - training video (youtube),https://www.youtube.com/watch?v=MtwYKFjv_Mo&feature=youtu.be,WG Presentations / Trainings,HTML
Q12,Q12 Guideline,https://database.ich.org/sites/default/files/Q12_Guideline_Step4_2019_1119.pdf,Guideline,PDF
Q12,Q12 Annexes,https://database.ich.org/sites/default/files/Q12_Annexes_Step4_2019_1119.pdf,Guideline,PDF
Q12,Q12 Business Plan,https://database.ich.org/sites/default/files/Q12%20Buisness%20Plan.pdf,Endorsed Documents,PDF
Q12,Q12 Concept Paper,https://database.ich.org/sites/default/files/Q12%20Concept%20Paper.pdf,Endorsed Documents,PDF
Q12,Q12 Step 4 Presentation,https://database.ich.org/sites/default/files/Q12EWG_Step4_IntroTrainingPresentation_2020_0206.pdf,WG Presentations / Trainings,PDF
Q12,Q12 IWG Concept Paper,https://database.ich.org/sites/default/files/Q12IWG_ConceptPaper_Approved_2020_0330.pdf,Endorsed Documents,PDF
Q12,Q12 Training Material Modules 0-8,https://database.ich.org/sites/default/files/ICH_Q12_IWG_TrainingMaterial_Modules0-8_2024_0220.zip,Training Materials,ZIP
Q12,Q12 Training Material Video,https://database.ich.org/sites/default/files/ICH%20Q12%20Final%2009062023-1080.mp4,Training Materials,MP4
Q12,Q12 Training Material Video Subtitles,https://database.ich.org/sites/default/files/Q12%20Captions%20%281%29.zip,Training Materials,ZIP
Q13,Q13 Guideline,https://database.ich.org/sites/default/files/ICH_Q13_Step4_Guideline_2022_1116.pdf,Guideline,PDF
Q13,Q13 Business Plan,https://database.ich.org/sites/default/files/Q13%20Business%20Plan.pdf,Endorsed Documents,PDF
Q13,Q13 Concept Paper,https://database.ich.org/sites/default/files/Q13%20Concept%20Paper.pdf,Endorsed Documents,PDF
Q13,Q13 Step 4 Presentation,https://database.ich.org/sites/default/files/ICH%20Q13_Step_4_Presentation_2023_0112_0.pdf,WG Presentations / Trainings,PDF
Q13,Q13 IWG Concept Paper,https://database.ich.org/sites/default/files/ICH_Q13_IWG_Concept_Paper_2023_0119.pdf,Endorsed Documents,PDF
Q13,Q13 Module 1,https://database.ich.org/sites/default/files/1_ICH%20Q13%20Module%201-720-Introduction%20and%20Training%20Overview.mp4,WG Presentations / Trainings,MP4
Q13,Q13 Module 2,https://database.ich.org/sites/default/files/2_ICH%20Q13%20Module%202-1080-Batch%20Definition%20and%20Batch%20Size.mp4,WG Presentations / Trainings,MP4
Q13,Q13 Module 3,https://database.ich.org/sites/default/files/3_ICH%20Q13%20Module%203-1080-State%20of%20Control%20and%20Steady%20State.mp4,WG Presentations / Trainings,MP4
Q13,Q13 Module 4,https://database.ich.org/sites/default/files/4_ICH%20Q13%20module%204-1080-Principles%20of%20Process%20Dynamics%20and%20Residence%20Time%20Distribution.mp4,WG Presentations / Trainings,MP4
Q13,Q13 Module 5,https://database.ich.org/sites/default/files/5_ICH%20Q13%20module%205-1080-Case%20Studies%20on%20Process%20Development%20Material%20Traceability%20and%20Sampling%20Frequency.mp4,WG Presentations / Trainings,MP4
Q13,Q13 Module 6,https://database.ich.org/sites/default/files/6_ICH%20Q13%20module%206-1080-Case%20Studies%20on%20RTD%20Model%20Development%20and%20Setting%20Alarm%20Limits.mp4,WG Presentations / Trainings,MP4
Q13,Q13 Module 7,https://database.ich.org/sites/default/files/7_ICH%20Q13%20module%207-1080-General%20Pharmaceutical%20Quality%20System%20Considerations%20for%20Continuous%20Manufacturing.mp4,WG Presentations / Trainings,MP4
Q13,Q13 Module 8,https://database.ich.org/sites/default/files/8_ICH%20Q13%20module%208-1080-Demonstration%20of%20Material%20Diversion.mp4,WG Presentations / Trainings,MP4
Q13,Q13 Module 9,https://database.ich.org/sites/default/files/9_ICH%20Q13%20Module%209-1080-Process%20Monitoring%20and%20Control.mp4,WG Presentations / Trainings,MP4
Q13,Q13 Module 10,https://database.ich.org/sites/default/files/10_ICH%20Q13%20Module%2010-720-Process%20Models.mp4,WG Presentations / Trainings,MP4
Q13,Q13 Module 11,https://database.ich.org/sites/default/files/11_ICH%20Q13%20Module%2011-1080-Drug%20Substance%20and%20Drug%20Product%20Stability.mp4,WG Presentations / Trainings,MP4
Q13,Q13 Module 12,https://database.ich.org/sites/default/files/12_ICH%20Q13%20Module%2012-1080-Batch%20to%20CM%20Conversion%20for%20Small%20Molecule%20Oral%20Solid%20Dosage%20Forms.mp4,WG Presentations / Trainings,MP4
Q14,Q14 Guideline,https://database.ich.org/sites/default/files/ICH_Q14_Guideline_2023_1130_ErrorCorrection_2025.pdf,Guideline,PDF
Q14,Q2(R2)/Q14 Concept Paper,https://database.ich.org/sites/default/files/Q2R2-Q14_EWG_Concept_Paper_1.pdf,Endorsed Documents,PDF
Q14,Q2(R2)/Q14 Business Plan,https://database.ich.org/sites/default/files/Q2R2-Q14_EWG_Business_Plan_1.pdf,Endorsed Documents,PDF
Q14,Q2(R2)/Q14 Step 4 Presentation,https://database.ich.org/sites/default/files/Q2_Q14%20ICH_Step_4_Presentation_2023_1106_0_1.pdf,WG Presentations/ Trainings,PDF
Q2(R2)/Q14,Q2(R2)/Q14 IWG Concept Paper,https://database.ich.org/sites/default/files/ICH_Q2R2Q14_IWG_Final_Concept_2023_1030.pdf,Endorsed Documents,PDF
Q2(R2)/Q14,Q2(R2)/Q14 Training Material Map of Contents,https://database.ich.org/sites/default/files/ICH_Q2%28R2%29Q14_TrainingMat_MapofContents_2025_0620.pdf,WG Presentations / Trainings,PDF
Q2(R2)/Q14,Q2(R2)/Q14 Training Material Module 1,https://database.ich.org/sites/default/files/ICH_Q2%28R2%29Q14_TrainingMat_%20Module_1_2025_0620.pdf,WG Presentations / Trainings,PDF
Q2(R2)/Q14,Q2(R2)/Q14 Training Material Module 2,https://database.ich.org/sites/default/files/ICH_Q2%28R2%29Q14_TrainingMat_Module%20_2_2025_0620.pdf,WG Presentations / Trainings,PDF
Q2(R2)/Q14,Q2(R2)/Q14 Training Material Module 3,https://database.ich.org/sites/default/files/ICH_Q2%28R2%29Q14_TrainingMat_Module_3_2025_0620.pdf,WG Presentations / Trainings,PDF
Q2(R2)/Q14,Q2(R2)/Q14 Training Material Module 4,https://database.ich.org/sites/default/files/ICH_Q2%28R2%29Q14_TrainingMat_%20Module_4_2025_0620.pdf,WG Presentations / Trainings,PDF
Q2(R2)/Q14,Q2(R2)/Q14 Training Material Module 5,https://database.ich.org/sites/default/files/ICH_Q2%28R2%29Q14_TrainingMat_Module_5_2025_0620.pdf,WG Presentations / Trainings,PDF
Q2(R2)/Q14,Q2(R2)/Q14 Training Material Module 6,https://database.ich.org/sites/default/files/ICH_Q2%28R2%29Q14_TrainingMat_Module_6_2025_0620.pdf,WG Presentations / Trainings,PDF
Q2(R2)/Q14,Q2(R2)/Q14 Training Material Module 7,https://database.ich.org/sites/default/files/ICH_Q2%28R2%29Q14_TrainingMat_Module7_2025_0620.pdf,WG Presentations / Trainings,PDF
S1A,S1A Guideline,https://database.ich.org/sites/default/files/S1A%20Guideline.pdf,Guideline,PDF
S1B(R1),S1B(R1) Guideline,https://database.ich.org/sites/default/files/S1B-R1_FinalGuideline_2022_0719.pdf,Guideline,PDF
S1B(R1),S1(R1) Concept Paper,https://database.ich.org/sites/default/files/S1%28R1%29%20Concept%20Paper.pdf,Endorsed Documents,PDF
S1B(R1),S1(R1) Business Plan,https://database.ich.org/sites/default/files/S1%28R1%29%20Business%20Plan.pdf,Endorsed Documents,PDF
S1B(R1),S1B(R1) Work Plan,https://database.ich.org/sites/default/files/ICH_S1B%28R1%29_EWG_WorkPlan_2023_0719%5B1%5D.pdf,Endorsed Documents,PDF
S1B(R1),S1(R1) Status Report - Aug 2021,https://database.ich.org/sites/default/files/S1_StatusReport_2021_0823.pdf,Deliverables,PDF
S1B(R1),S1(R1) Status Report - Aug 2019,https://database.ich.org/sites/default/files/S1_StatusReport_2019_0802.pdf,Deliverables,PDF
S1B(R1),S1(R1) Status Report - Dec 2017,https://database.ich.org/sites/default/files/S1%28R1%29%20EWG_StatusReport_Dec2017.pdf,Deliverables,PDF
S1B(R1),S1(R1) Status Report - Mar 2016,https://database.ich.org/sites/default/files/S1%28R1%29%20EWG_StatusReport_Mar2016.pdf,Deliverables,PDF
S1B(R1),S1(R1) RND,https://database.ich.org/sites/default/files/S1%28R1%29_EWG_RND.pdf,Deliverables,PDF
S1B(R1),S1B(R1) Step 4 Presentation,https://database.ich.org/sites/default/files/ICHS1B%28R1%29_Step4_Presentation_2022_0809.pdf,WG Presentation / Trainings,PDF
S1B(R1) IWG,S1B(R1) Concept Paper,https://database.ich.org/sites/default/files/ICH_S1BR1_FinalConceptPaper_2024_0326.pdf,Endorsed Documents,PDF
S1B(R1) IWG,S1B(R1) Work Plan,https://database.ich.org/sites/default/files/ICH_S1B%28R1%29_IWG_WorkPlan_2025_0722_FINAL.pdf,Endorsed Documents,PDF
S1C(R2),S1C(R2) Guideline,https://database.ich.org/sites/default/files/S1C%28R2%29%20Guideline.pdf,Guideline,PDF
S1C(R2),S1C(R2) Concept Paper,https://database.ich.org/sites/default/files/S1CR2%20Final%20Concept%20Paper_formatted.pdf,Endorsed Document,PDF
S1C(R2),S1C(R2) Presentation,https://database.ich.org/sites/default/files/S1C%28R2%29%20Presentation_0.pdf,WG Presentations / Trainings,PDF
S2(R1),S2(R1) Guideline,https://database.ich.org/sites/default/files/S2%28R1%29%20Guideline.pdf,Guideline,PDF
S2(R1),S2(R1) Concept Paper,https://database.ich.org/sites/default/files/S2_R1__Concept_Paper.pdf,Endorsed Document,PDF
S2(R1),S2(R1) Step 4 Audio Presentation (zip),https://database.ich.org/sites/default/files/S2%28R1%29%20Step%204%20March%202012_Final.zip,WG Presentations / Trainings,ZIP
S2(R1),S2(R1) Step 4 Presentation (PPT),https://database.ich.org/sites/default/files/S2%28R1%29%20Step%204%20Presentation.pdf,WG Presentations / Trainings,PDF
S3A,S3A Guideline,https://database.ich.org/sites/default/files/S3A_Guideline.pdf,Guideline,PDF
S3A Q&As,S3A Q&As Questions & Answers,https://database.ich.org/sites/default/files/S3A_Q%26As_Q%26As.pdf,Questions & Answers,PDF
S3A Q&As,S3A Q&As Concept Paper,https://database.ich.org/sites/default/files/S3A_Q%26As_Concept_Paper.pdf,Endorsed Documents,PDF
S3A Q&As,S3A Q&As Business Plan,https://database.ich.org/sites/default/files/S3A_Q%26As_Business_Plan_0.pdf,Endorsed Documents,PDF
S3A Q&As,S3A Q&As Step2 Presentation,https://database.ich.org/sites/default/files/S3A_Q%26As_Step2_Presentation_0.pdf,WG Presentations / Trainings,PDF
S3B,S3B Guideline,https://database.ich.org/sites/default/files/S3B_Guideline.pdf,Guideline,PDF
S4,S4 Guideline,https://database.ich.org/sites/default/files/S4_Guideline.pdf,Guideline,PDF
S5(R3),S5(R3) Guideline,https://database.ich.org/sites/default/files/S5-R3_Step4_Guideline_2020_0218_1.pdf,Guideline,PDF
S5(R3),S5(R3) Concept Paper,https://database.ich.org/sites/default/files/S5-R3_EWG_Concept_Paper.pdf,Endorsed Documents,PDF
S5(R3),S5(R3) Step 4 Presentation,https://database.ich.org/sites/default/files/S5-R3_Step_4_Presentation_2020_0222_0.pdf,WG Presentations / Trainings,PDF
S5(R3),S5(R3) Step 4 Audio Presentation,https://database.ich.org/sites/default/files/S5-R3_Step_4_AudioPresentation_2020_0520_Final.pptx,WG Presentations / Trainings,PPTX
S5(R4),S5(R3) Concept Paper 2019,https://database.ich.org/sites/default/files/S5-R3EWG_ConceptPaper_MaintenanceProcedure_Final_2019_0328.pdf,Files,PDF
S5(R4),Maintenance Procedure for S5 Annexes 1 & 2,https://database.ich.org/sites/default/files/Annex%2017%20-%20Maintenance%20Procedure%20for%20S5%20Annexes%201%20and%202.pdf,Files,PDF
S6(R1),S6(R1) Guideline,https://database.ich.org/sites/default/files/S6_R1_Guideline_0.pdf,Guideline,PDF
S6(R1),S6(R1) Concept Paper,https://database.ich.org/sites/default/files/S6_R1_Concept_Paper_0.pdf,Endorsed Documents,PDF
S6(R1),S6(R1) Concept Paper- Addendum,https://database.ich.org/sites/default/files/S6_R1_Concept_Paper_Addendum_0.pdf,Endorsed Documents,PDF
S6(R1),S6(R1) Training Material,https://database.ich.org/sites/default/files/S6_R1_Training_Material.mp4,WG Presentations / Trainings,MP4
S7A,S7A Guideline,https://database.ich.org/sites/default/files/S7A_Guideline.pdf,Guideline,PDF
S7A,S7A Step 4 Presentation,https://database.ich.org/sites/default/files/S7A_Step4_Presentation.pdf,WG Presentations / Trainings,PDF
S7B,S7B Guideline,https://database.ich.org/sites/default/files/S7B_Guideline.pdf,Guideline,PDF
S7B,S7B Concept Paper,https://database.ich.org/sites/default/files/S7B_Concept_Paper.pdf,Endorsed Document,PDF
E14/S7B,E14/S7B Q&As,https://database.ich.org/sites/default/files/E14-S7B_QAs_Step4_2022_0221.pdf,Q&As,PDF
E14/S7B,E14/S7B Concept Paper 2018,https://database.ich.org/sites/default/files/E14S7B_IWG_Concept_Paper.pdf,Endorsed Documents,PDF
E14/S7B,E14/S7B Initial Training Material ZIP,https://database.ich.org/sites/default/files/ICH_E14-S7B_InitialTrainingMaterials_Mar2022.zip,WG Presentations/ Trainings,ZIP
E14/S7B,E14/S7B Initial Training Material PDF,https://database.ich.org/sites/default/files/ICH_E14-S7B_TrainingMaterial_2022_0407.pdf,WG Presentations/ Trainings,PDF
E14/S7B,E14/S7B Initial Training Material - Example Supplemental File PDF,https://database.ich.org/sites/default/files/ICH_E14-S7B_TrainingMaterial_ExamplesSupplementalFile_2022_0331.pdf,WG Presentations/ Trainings,PDF
E14/S7B,Agenda - 15-16 Oct 2020,http://www.fda.gov/media/142132/download,Public Webinar,HTML
E14/S7B,Registration link,https://www.fda.gov/drugs/news-events-human-drugs/new-approaches-integrated-nonclinical-clinical-qtproarrhythmic-risk-assessment-10152020-10162020,Public Webinar,HTML
S8,S8 Guideline,https://database.ich.org/sites/default/files/S8_Guideline_0.pdf,Guideline,PDF
S8,S8 Concept Paper,https://database.ich.org/sites/default/files/S8_Concept_Paper.pdf,Endorsed Document,PDF
S9,S9 Guideline,https://database.ich.org/sites/default/files/S9_Guideline.pdf,Guideline,PDF
S9,S9 Concept Paper,https://database.ich.org/sites/default/files/S9_Concept_Paper.pdf,Endorsed Documents,PDF
S9,S9 Business Plan,https://database.ich.org/sites/default/files/S9_Business_Plan_0.pdf,Endorsed Documents,PDF
S9,S9 Step 4 Presentation,https://database.ich.org/sites/default/files/S9_Step4_Presentation.pdf,WG Presentations / Trainings,PDF
S9 Q&As,S9 Q&As Questions & Answers,https://database.ich.org/sites/default/files/S9_Q%26As_Q%26As.pdf,Questions & Answers,PDF
S9 Q&As,S9 Q&As Concept Paper,https://database.ich.org/sites/default/files/S9_Q%26As_Concept_Paper.pdf,Endorsed Document,PDF
S9 Q&As,S9 Q&As Step 4 Presentation,https://database.ich.org/sites/default/files/S9_Q%26As_Step4_Presentation.pdf,WG Presentations / Trainings,PDF
S10,S10 Guideline,https://database.ich.org/sites/default/files/S10_Guideline.pdf,Guideline,PDF
S10,S10 Concept Paper,https://database.ich.org/sites/default/files/S10_Concept_Paper.pdf,Endorsed Documents,PDF
S10,S10 Business Plan,https://database.ich.org/sites/default/files/S10_Business_Plan_0.pdf,Endorsed Documents,PDF
S10,S10 Training Material,https://database.ich.org/sites/default/files/S10_Training_Material.mp4,WG Presentations / Trainings,MP4
S11,S11 Final Guideline,https://database.ich.org/sites/default/files/S11_Step4_FinalGuideline_2020_0310.pdf,Guideline,PDF
S11,S11 Concept Paper,https://database.ich.org/sites/default/files/S11_EWG_Concept_Paper.pdf,Endorsed Documents,PDF
S11,S11 Business Plan,https://database.ich.org/sites/default/files/S11_EWG_Business_Plan.pdf,Endorsed Documents,PDF
S11,S11 Step 4 Presentation,https://database.ich.org/sites/default/files/ICH_S11_Step4_Presentation_2020_0721_0.pdf,WG Presentations / Trainings,PDF
S12,S12 Guideline,https://database.ich.org/sites/default/files/ICH_S12_Step4_Guideline_2023_0314_WithCorrection_0.pdf,Guideline,PDF
S12,S12 Concept Paper,https://database.ich.org/sites/default/files/S12_FinalConceptPaper_2019_1118.pdf,Endorsed Documents,PDF
S12,S12 Business Plan,https://database.ich.org/sites/default/files/S12_FinalBusinessPlan_2019_1118.pdf,Endorsed Documents,PDF
S12,S12 Step 4 Presentation,https://database.ich.org/sites/default/files/ICH_Step_4_Presentation_ICH%20S12_2023_0306_0.pdf,WG Presentations/Trainings,PDF
S13 EWG,S13 Concept Paper,https://database.ich.org/sites/default/files/ICH_S13EWG_Concept_Paper_2024_1028.pdf,Endorsed Documents,PDF
S13 EWG,S13 Work Plan,https://database.ich.org/sites/default/files/ICH_S13_EWG_WorkPlan_2025_0722_FINAL.pdf,Endorsed Documents,PDF
E1,E1 Guideline,https://database.ich.org/sites/default/files/E1_Guideline.pdf,Guideline,PDF
E2A,E2A Guideline,https://database.ich.org/sites/default/files/E2A_Guideline.pdf,Guideline,PDF
E2B(R3),E2B(R3) Presentation - SDOs,https://database.ich.org/sites/default/files/E2B%28R3%29_EWG_IWG_Presentation_SDOs_0.ppt,WG Presentations / Trainings,PPT
E2B(R3),ESTRI page - E2B,https://ich.org/page/electronic-standards-estri,Related Links,HTML
E2B(R3) EWG/IWG,ESTRI page - E2B,https://ich.org/page/electronic-standards-estri,Related Links,HTML
E2B(R3) EWG/IWG,E2B(R3) Concept Paper,https://database.ich.org/sites/default/files/E2B%28R3%29%20IWG%20Concept%20Paper_10%20July%202013_0.pdf,Endorsed Documents,PDF
E2B(R3) EWG/IWG,E2B(R3) Implementation Guide,https://database.ich.org/sites/default/files/ICH_E2B%28R3%29_EWG_IWG_ICSR_Implementation_Guide_%28QA%20integration%29_Step3_2025_0718_Assembly_Approved_0.pdf,Endorsed Documents,PDF
E2B(R3) EWG/IWG,E2B(R3) Appendix to the Implementation Guide,https://database.ich.org/sites/default/files/ICH_E2B%28R3%29_EWG_IWG_Appendix_I%28G%29_Step3_2025_0718_Assembly_Approved_0.pdf,Endorsed Documents,PDF
E2B(R3) EWG/IWG,E2B(R3) Work Plan,https://database.ich.org/sites/default/files/ICH_E2B%28R3%29_WorkPlan_2025_0725_FINAL.pdf,Endorsed Documents,PDF
E2B(R3) EWG/IWG,E2B(R3) Training Video - Module I,https://database.ich.org/sites/default/files/E2B%20Module%20I%20Final%20-1080-.mp4,WG Presentations / Trainings,MP4
E2B(R3) EWG/IWG,E2B(R3) Training Material - Module II,https://database.ich.org/sites/default/files/ICH_E2B%28R3%29_EWG_IWG_Guideline%20Summary_FINAL_2025_0626.pdf,WG Presentations / Trainings,PDF
E2B(R3) EWG/IWG,E2B(R3) Training Material - Module III,https://database.ich.org/sites/default/files/ICH_E2B%28R3%29_TrainingModule3_2026_0205.pdf,WG Presentations / Trainings,PDF
E2B(R3) Q&As,E2B(R3) Q&As Questions & Answers,https://database.ich.org/sites/default/files/ICH_E2B%28R3%29_EWG_IWG_Q%26A_Step3_2025_0718_Assembly_Approved.pdf,Questions & Answers,PDF
E2B(R3) Q&As,E2B(R3) Concept Paper,https://database.ich.org/sites/default/files/E2B%28R3%29%20IWG%20Concept%20Paper_10%20July%202013.pdf,Endorsed Documents,PDF
E2B(R3) Q&As,ESTRI page - E2B,https://ich.org/page/e2br3-individual-case-safety-report-icsr-specification-and-related-files,Related Links,HTML
E2C(R2),E2C(R2) Guideline,https://database.ich.org/sites/default/files/E2C_R2_Guideline.pdf,Guideline,PDF
E2C(R2),E2C(R2) Concept Paper,https://database.ich.org/sites/default/files/E2C_R2_Concept_Paper.pdf,Endorsed Documents,PDF
E2C(R2),E2C(R2) Business Plan,https://database.ich.org/sites/default/files/E2C_R2_Business_Plan_0.pdf,Endorsed Documents,PDF
E2C(R2),E2C(R2) Training Material,https://database.ich.org/sites/default/files/E2C_R2_Training_Material.mp4,WG Presentations / Trainings,MP4
E2C(R2) Q&As,E2C(R2) Q&As Questions & Answers,https://database.ich.org/sites/default/files/E2CR2_Q%26As_Q%26As.pdf,Questions & Answers,PDF
E2C(R2) Q&As,E2C(R2) Q&As Concept Paper,https://database.ich.org/sites/default/files/E2CR2_Q%26As_Concept_Paper.pdf,Endorsed Documents,PDF
E2C(R2) Q&As,E2C(R2) Q&As Work Plan,https://database.ich.org/sites/default/files/E2CR2_Q%26As_WorkPlan_0.pdf,Endorsed Documents,PDF
E2C(R2) Q&As,E2C(R2) Q&As Training Material,https://database.ich.org/sites/default/files/E2C_R2_Q%26As_Training_Material.mp4,WG Presentations / Trainings,MP4
E2D,E2D Guideline,https://database.ich.org/sites/default/files/E2D_Guideline.pdf,Guideline,PDF
E2D,E2D Concept Paper,https://database.ich.org/sites/default/files/E2D_Concept_Paper.pdf,Endorsed Document,PDF
E2D(R1),E2D(R1) Guideline,https://database.ich.org/sites/default/files/ICH_E2D%28R1%29_Step4_FinalGuideline_2025_0819.pdf,Guideline,PDF
E2D(R1),E2D(R1) Explanatory Note,https://database.ich.org/sites/default/files/ICH_E2D%28R1%29_Explanatory_Document_2024_0205.pdf,Guidance for Public Consultation,PDF
E2D(R1),E2D(R1) Concept Paper,https://database.ich.org/sites/default/files/E2D-R1_ConceptPaper_Final_2020_0115.pdf,Endorsed Documents,PDF
E2D(R1),E2D(R1) Business Plan,https://database.ich.org/sites/default/files/E2D-R1_FinalBusinessPlan_2019_1118.pdf,Endorsed Documents,PDF
E2D(R1),E2D(R1) Work Plan,https://database.ich.org/sites/default/files/ICH_E2D%28R1%29_EWG_WorkPlan_2025_0710_FINAL.pdf,Endorsed Documents,PDF
E2D(R1),E2D(R1) Step 4 Presentation,https://database.ich.org/sites/default/files/ICH%20E2D%28R1%29_Step%204_Presentation_2025_0904.pdf,WG Presentations / Trainings,PDF
E2D(R1),E2D(R1) Training Material,https://database.ich.org/sites/default/files/ICH_E2D%28R1%29_TrainingMaterial_2025_1211.pdf,WG Presentations / Trainings,PDF
E2E,E2E Guideline,https://database.ich.org/sites/default/files/E2E_Guideline.pdf,Guideline,PDF
E2E,E2E Concept Paper,https://database.ich.org/sites/default/files/E2E_Concept_Paper.pdf,Endorsed Document,PDF
E2F,E2F Guideline,https://database.ich.org/sites/default/files/E2F_Guideline.pdf,Guideline,PDF
E2F,E2F Concept Paper,https://database.ich.org/sites/default/files/E2F_Concept_Paper.pdf,Endorsed Documents,PDF
E2F,E2F Business Plan,https://database.ich.org/sites/default/files/E2F_Business_Plan_0.pdf,Endorsed Documents,PDF
E2F,E2F Presentation DSUR,https://database.ich.org/sites/default/files/E2F_Presentation_DSUR.pdf,WG Presentations / Trainings,PDF
E2F,E2F DSUR Examples Non-Commercial Sponsors,https://database.ich.org/sites/default/files/E2F_Example_Non_Commercial_DSUR.pdf,Deliverables,PDF
E2F,E2F DSUR Examples Commercial Sponsors,https://database.ich.org/sites/default/files/E2F_Example_Commercial_DSUR.pdf,Deliverables,PDF
E3,E3 Guideline,https://database.ich.org/sites/default/files/E3_Guideline.pdf,Guideline,PDF
E3 Q&As (R1),E3 Q&As (R1) Questions & Answers,https://database.ich.org/sites/default/files/E3_Q%26As_R1_Q%26As.pdf,Questions & Answers,PDF
E3 Q&As (R1),E3 Q&As (R1) Concept Paper,https://database.ich.org/sites/default/files/E3_Q%26As_R1_Concept_Paper.pdf,Endorsed Document,PDF
E4,E4 Guideline,https://database.ich.org/sites/default/files/E4_Guideline.pdf,Guideline,PDF
E5(R1),E5(R1) Guideline,https://database.ich.org/sites/default/files/E5_R1__Guideline.pdf,Guideline,PDF
E5 Q&As (R1),E5 Q&As (R1) Questions & Answers,https://database.ich.org/sites/default/files/E5_Q%26As__R1_Q%26As.pdf,Questions & Answers,PDF
E6(R3) EWG,E6(R3) Guideline,https://database.ich.org/sites/default/files/ICH_E6%28R3%29_Step4_FinalGuideline_2025_0106_ErrorCorrections_2025_1024.pdf,Guideline,PDF
E6(R3) EWG,E6(R3) Guideline Availability Notice,https://database.ich.org/sites/default/files/E6%28R3%29%20Guideline%20Availability%20Notice.pdf,Guidance for Stakeholder Public Consultation,PDF
E6(R3) EWG,E6(R3) Explanatory Video,https://database.ich.org/sites/default/files/ICH_E6%28R3%29_Guideline_GCP_Video_2023_0601.mp4,Guidance for Stakeholder Public Consultation,MP4
E6(R3) EWG,E6(R3) Stakeholder Engagement,https://database.ich.org/sites/default/files/E6-R3_PublicEngagemenSummary_2020_0421.pdf,Guidance for Stakeholder Public Consultation,PDF
E6(R3) EWG,E6(R3) Concept Paper,https://database.ich.org/sites/default/files/E6-R3_FinalConceptPaper_2019_1117.pdf,Endorsed Documents,PDF
E6(R3) EWG,E6(R3) Business Plan,https://database.ich.org/sites/default/files/E6-R3_FinalBusinessPlan_2019_1117.pdf,Endorsed Documents,PDF
E6(R3) EWG,E6(R3) Work Plan,https://database.ich.org/sites/default/files/ICH_E6%28R3%29_EWG_WorkPlan_2025_0721_FINAL.pdf,Endorsed Documents,PDF
E6(R3) EWG,E6(R3) Step 4 Presentation,https://database.ich.org/sites/default/files/ICH_E6%28R3%29_Step%204_Presentation_2025_0123.pdf,WG Presentations/ Trainings,PDF
E6(R3) EWG,"ICH E6(R3) EWG - Public Web Conference Report - May, 2021",https://database.ich.org/sites/default/files/ICH_E6R3_WebConference_Report_Final_2021_1011.pdf,Web Conference,PDF
E6(R3) EWG,"ICH E6(R3) EWG - Public Web Conference - May, 2021",https://youtu.be/X7LAH1SMAms,Web Conference,HTML
E6(R3) Good Clinical Practice (GCP) Annex-2 Sub-Group,E6(R3) Annex 2 Step 2 Draft Guideline,https://database.ich.org/sites/default/files/ICH_E6%28R3%29_Annex%202_Step2_DraftGuideline_2024_1024_0.pdf,Guideline,PDF
E6(R3) Good Clinical Practice (GCP) Annex-2 Sub-Group,E6(R3) Annex 2 Concept Paper,https://database.ich.org/sites/default/files/ICH_E6%28R3%29_Annex2_ConceptPaper_2023_0405_0.pdf,Endorsed Documents,PDF
E6(R3) Good Clinical Practice (GCP) Annex-2 Sub-Group,E6(R3) Work Plan,https://database.ich.org/sites/default/files/ICH_E6%28R3%29_EWG%20WorkPlan_2024_0819_1.pdf,Endorsed Documents,PDF
E6(R3) Good Clinical Practice (GCP) Annex-2 Sub-Group,E6(R3) Annex 2 Step Presentation,https://database.ich.org/sites/default/files/ICH_E6%28R3%29_Annex%202_Step%202_Presentation_2024_1122_0.pdf,WG Presentations/Trainings,PDF
E7,E7 Guideline,https://database.ich.org/sites/default/files/E7_Guideline.pdf,Guideline,PDF
E7 Q&As,E7 Q&As Questions & Answers,https://database.ich.org/sites/default/files/E7_Q%26As_Q%26As.pdf,Questions & Answers,PDF
E7 Q&As,E7 Q&As Concept Paper,https://database.ich.org/sites/default/files/E7_Q%26As_Concept_Paper.pdf,Endorsed Document,PDF
E8(R1),E8(R1) Guideline,https://database.ich.org/sites/default/files/ICH_E8-R1_Guideline_Step4_2021_1006.pdf,Guideline,PDF
E8(R1),E8(R1) Concept Paper,https://database.ich.org/sites/default/files/E8-R1_EWG_Concept_Paper_0.pdf,Endorsed Documents,PDF
E8(R1),E8(R1) Business Plan,https://database.ich.org/sites/default/files/E8-R1_EWG_Business_Plan_0.pdf,Endorsed Documents,PDF
E8(R1),E8(R1) Step 4 Presentation,https://database.ich.org/sites/default/files/ICHE8%28R1%29_Step4Presentation_2022_0408.pdf,WG Presentations / Trainings,PDF
E9,E9 Guideline,https://database.ich.org/sites/default/files/E9_Guideline.pdf,Guideline,PDF
E9(R1),E9(R1) Addendum,https://database.ich.org/sites/default/files/E9-R1_Step4_Guideline_2019_1203.pdf,Guideline,PDF
E9(R1),E9(R1) Concept Paper,https://database.ich.org/sites/default/files/E9-R1_EWG_Concept_Paper.pdf,Endorsed Documents,PDF
E9(R1),E9R1 Training Materials ZIP,https://database.ich.org/sites/default/files/E9%28R1%29%20Training%20Material%20-%20ZIP_0.zip,WG Presentations / Trainings,ZIP
E9(R1),E9(R1) Training Materials PDF,https://database.ich.org/sites/default/files/E9%28R1%29%20Training%20Material%20-%20PDF_0.pdf,WG Presentations / Trainings,PDF
E10,E10 Guideline,https://database.ich.org/sites/default/files/E10_Guideline.pdf,Guideline,PDF
E11(R1),E11(R1) Guideline,https://database.ich.org/sites/default/files/E11_R1_Addendum.pdf,Guideline,PDF
E11(R1),E11(R1) Concept Paper,https://database.ich.org/sites/default/files/E11_R1_Concept_Paper_0.pdf,Endorsed Document,PDF
E11(R1),E11(R1) Step 4 Presentation,https://database.ich.org/sites/default/files/E11_R1_Step4_Presentation_0.pdf,WG Presentations / Trainings,PDF
E11A EWG,E11A Guideline,https://database.ich.org/sites/default/files/ICH_E11A_Guideline_Step4_2024_0821.pdf,Guideline,PDF
E11A EWG,E11A Concept Paper,https://database.ich.org/sites/default/files/E11A_EWG_Concept_Paper.pdf,Endorsed Documents,PDF
E11A EWG,E11A Business Plan,https://database.ich.org/sites/default/files/E11A_EWG_Business_Plan.pdf,Endorsed Documents,PDF
E11A EWG,E11A Work Plan,https://database.ich.org/sites/default/files/ICH_E11A_EWG_IWG_WorkPlan_2025_0718_FINAL.pdf,Endorsed Documents,PDF
E11A EWG,E11A Step 4 Presentation,https://database.ich.org/sites/default/files/ICH_Step_4_Presentation_ICHE11A_%202024_0923_0.pdf,WG Presentations/ Training,PDF
E11A EWG,E11A Module 1,https://database.ich.org/sites/default/files/1_ICH_E11A_TrainingMaterial_PJIA_Final_12_13_2024.pdf,WG Presentations/ Training,PDF
E12,E12 Principle Document,https://database.ich.org/sites/default/files/E12_Guideline.pdf,Other document,PDF
E14,E14 Guideline,https://database.ich.org/sites/default/files/E14_Guideline.pdf,Guideline,PDF
E14 Q&As (R3),E14 Q&As (R3) Questions & Answers,https://database.ich.org/sites/default/files/E14_Q%26As_R3_Q%26As.pdf,Questions & Answers,PDF
E14 Q&As (R3),E14 Q&As (R3) Concept Paper,https://database.ich.org/sites/default/files/E14_Q%26As_R3_Concept_Paper.pdf,Endorsed Document,PDF
E14 Q&As (R3),E14 Q&As (R3) Step 4 Presentation,https://database.ich.org/sites/default/files/E14_Q%26As_R3_Step4_Presentation.pdf,WG Presentations / Trainings,PDF
E14/S7B,E14/S7B Q&As,https://database.ich.org/sites/default/files/E14-S7B_QAs_Step4_2022_0221.pdf,Q&As,PDF
E14/S7B,E14/S7B Concept Paper 2018,https://database.ich.org/sites/default/files/E14S7B_IWG_Concept_Paper.pdf,Endorsed Documents,PDF
E14/S7B,E14/S7B Initial Training Material ZIP,https://database.ich.org/sites/default/files/ICH_E14-S7B_InitialTrainingMaterials_Mar2022.zip,WG Presentations/ Trainings,ZIP
E14/S7B,E14/S7B Initial Training Material PDF,https://database.ich.org/sites/default/files/ICH_E14-S7B_TrainingMaterial_2022_0407.pdf,WG Presentations/ Trainings,PDF
E14/S7B,E14/S7B Initial Training Material - Example Supplemental File PDF,https://database.ich.org/sites/default/files/ICH_E14-S7B_TrainingMaterial_ExamplesSupplementalFile_2022_0331.pdf,WG Presentations/ Trainings,PDF
E14/S7B,Agenda - 15-16 Oct 2020,http://www.fda.gov/media/142132/download,Public Webinar,HTML
E14/S7B,Registration link,https://www.fda.gov/drugs/news-events-human-drugs/new-approaches-integrated-nonclinical-clinical-qtproarrhythmic-risk-assessment-10152020-10162020,Public Webinar,HTML
E14/S7B IWG,E14/S7B Concept Paper 2024,https://database.ich.org/sites/default/files/E14-S7B_IWG_Final_Concept_Paper_2024_0312_0.pdf,Endorsed Documents,PDF
E14/S7B IWG,E14/S7B Work Plan,https://database.ich.org/sites/default/files/ICH_E14S7B_EWG_WorkPlan_2025_0725_FINAL.pdf,Endorsed Documents,PDF
E15,E15 Guideline,https://database.ich.org/sites/default/files/E15_Guideline.pdf,Guideline,PDF
E15,E15 Concept Paper,https://database.ich.org/sites/default/files/E15_Concept_Paper.pdf,Endorsed Documents,PDF
E15,E15 Business Plan,https://database.ich.org/sites/default/files/E15_Business_Plan_0.pdf,Endorsed Documents,PDF
E16,E16 Guideline,https://database.ich.org/sites/default/files/E16_Guideline.pdf,Guideline,PDF
E16,E16 Concept Paper,https://database.ich.org/sites/default/files/E16_Concept_Paper.pdf,Endorsed Documents,PDF
E16,E16 Business Plan,https://database.ich.org/sites/default/files/E16_Business_Plan_0.pdf,Endorsed Documents,PDF
E16,E16 Step 4 Presentation (PPT),https://database.ich.org/sites/default/files/ICH%20E16%20Step%204%20presentationWebsite_Oct%202010.pdf,WG Presentations / Trainings,PDF
E16,E16 Step 4 Audio Presentation (zip),https://database.ich.org/sites/default/files/ICH%20E16%20Step%204%20presentation_Oct%202010.zip,WG Presentations / Trainings,ZIP
E17,E17 Guideline,https://database.ich.org/sites/default/files/E17EWG_Step4_2017_1116.pdf,Guideline,PDF
E17,E17 Concept Paper,https://database.ich.org/sites/default/files/E17EWG%20Final%20Concept%20Paper%20June%202014.pdf,Endorsed Documents,PDF
E17,E17 Business Plan,https://database.ich.org/sites/default/files/E17EWG%20Final%20Business%20Plan%20June%202014.pdf,Endorsed Documents,PDF
E17,E17 Step 4 Presentation,https://database.ich.org/sites/default/files/E17EWG_Step%204_Presentation_2018_0114.pdf,WG Presentations / Trainings,PDF
E17,E17 Training Modules,https://database.ich.org/sites/default/files/ICH_E17_TrainingModules_2019_0806.zip,WG Presentations / Trainings,ZIP
E17,E17 Training Introduction video,https://database.ich.org/sites/default/files/ICH_E17_Training_Introduction_2019_0806.mp4,WG Presentations / Trainings,MP4
E17,E 17 Training Module 1 video,https://database.ich.org/sites/default/files/ICH_E17_Training_Module1_2019_0806.mp4,WG Presentations / Trainings,MP4
E17,E17 Training Introduction video (youtube),https://www.youtube.com/watch?v=ul1rZCGWo30&feature=youtu.be,WG Presentations / Trainings,HTML
E17,E 17 Training Module 1 video (youtube),https://www.youtube.com/watch?v=565f7ceLPlc&feature=youtu.be,WG Presentations / Trainings,HTML
E17 IWG List,E17 IWG Work Plan,https://database.ich.org/sites/default/files/E17_IWG_WorkPlan_2019_0204.pdf,Endorsed Documents,PDF
E17 IWG List,E17 IWG Concept Paper,https://database.ich.org/sites/default/files/E17IWG_Concept_Paper_Final_2018_0207_0.pdf,Endorsed Documents,PDF
E18,E18 Guideline,https://database.ich.org/sites/default/files/E18_Guideline.pdf,Guideline,PDF
E18,E18 Concept Paper,https://database.ich.org/sites/default/files/E18_Concept_Paper.pdf,Endorsed Documents,PDF
E18,E18 Business Plan,https://database.ich.org/sites/default/files/E18_Business_Plan_0.pdf,Endorsed Documents,PDF
E18,E18 Step 4 Presentation,https://database.ich.org/sites/default/files/E18_Step4_Presentation.pdf,WG Presentations / Trainings,PDF
E19,E19 Guideline,https://database.ich.org/sites/default/files/ICH_E19_Guideline_Step4_2022_0826_0.pdf,Guideline,PDF
E19,E19 Concept Paper,https://database.ich.org/sites/default/files/E19_EWG_Concept_Paper.pdf,Endorsed Documents,PDF
E19,E19 Business Plan,https://database.ich.org/sites/default/files/E19_EWG_Business_Plan.pdf,Endorsed Documents,PDF
E19,E19 Step 4 Presentation,https://database.ich.org/sites/default/files/ICH_E19_Step_4_Presentation_2022_1012.pdf,WG Presentations/ Training,PDF
E20 EWG,E20 Draft Guideline,https://database.ich.org/sites/default/files/ICH_E20EWG_Step3_DraftGuideline_2025_0625_0.docx,Guideline,DOCX
E20 EWG,E20 Concept Paper,https://database.ich.org/sites/default/files/E20_FinalConceptPaper_2019_1107_0.pdf,Endorsed Documents,PDF
E20 EWG,E20 Business Plan,https://database.ich.org/sites/default/files/E20_FinalBusinessPlan_2019_1107_0.pdf,Endorsed Documents,PDF
E20 EWG,E20 Work Plan,https://database.ich.org/sites/default/files/ICH_E20_EWG_WorkPlan_2025_0721_FINAL_0.pdf,Endorsed Documents,PDF
E20 EWG,E20 Step 2 Presentation,https://database.ich.org/sites/default/files/ICH_E20_Step2_Presentation_7July2025.pdf,WG Presentations / Trainings,PDF
E21 EWG,E21 Draft Guideline,https://database.ich.org/sites/default/files/ICH_E21EWG_Step2_Draft_Guideline_2025_0514.docx,Guideline,DOCX
E21 EWG,E21 Concept Paper,https://database.ich.org/sites/default/files/ICH_E21_Final_Concept_Paper_2023_1106_MCApproved.pdf,Endorsed Documents,PDF
E21 EWG,E21 Work Plan,https://database.ich.org/sites/default/files/ICH_E21_EWG_WorkPlan_2025_0731_FINAL.pdf,Endorsed Documents,PDF
E21 EWG,E21 Stakeholder Engagement Plan,https://database.ich.org/sites/default/files/ICH_E21_EWG_%20Stakeholder%20Engagement%20Plan_Summary_2025_0623.pdf,Endorsed Documents,PDF
E21 EWG,E21 Step 2 Presentation,https://database.ich.org/sites/default/files/ICH_Step_2_Presentation_E21_EWG_Guideline_2025_0603.pdf,WG Presentations/Trainings,PDF
E22 EWG,E22 Draft Guideline,https://database.ich.org/sites/default/files/ICH_E22_Step2_draftGuideline_Assembly_Endorsed_FINAL_2025_1119.pdf,Guideline,PDF
E22 EWG,E22 Concept Paper,https://database.ich.org/sites/default/files/ICH_E22_ConceptPaper_2024_0602.pdf,Endorsed Documents,PDF
E22 EWG,E22 Stakeholder Engagement Plan,https://database.ich.org/sites/default/files/E22%20Stakeholder%20Engagement%20Plan_MC%20approved_2025_0430.pdf,Endorsed Documents,PDF
E22 EWG,E22 Work Plan,https://database.ich.org/sites/default/files/ICH_E22_EWG_WorkPlan_2025_0725_FINAL.pdf,Endorsed Documents,PDF
E22 EWG,E22 Step2 Training Material,https://database.ich.org/sites/default/files/ICH_E22%20Presentation_Step%202_Training%20material.pdf,WG Presentation/Trainings,PDF
E22 EWG,E22 Step2 Presentation,https://database.ich.org/sites/default/files/ICH_E22%20Presentation_Step%202_Guideline_2025_1211.pdf,WG Presentation/Trainings,PDF
E22 EWG,E22 Explanatory video,https://database.ich.org/sites/default/files/E22%20Public%20Consultation%20Video.mp4,Guidance for Stakeholder Public Consultation,MP4
E22 EWG,Explainer for ICH E22 Draft Guideline,https://database.ich.org/sites/default/files/Explainer_ICH%20E22%20Draft%20Guideline_rev.pdf,Guidance for Stakeholder Public Consultation,PDF
E22 EWG,E22 Stakeholder Engagement Webinar,https://youtu.be/3sO6VIJXKOc?si=68D37xl63XgIudZ0,Guidance for Stakeholder Public Consultation,HTML
E23 EWG,E23 Concept Paper,https://database.ich.org/sites/default/files/ICH_E23_EWG_Concept_Paper_MCEndorsed_2025_1112.pdf,Endorsed Documents,PDF
M1,MedDRA page on ICH website,https://www.ich.org/page/meddra,Related links,HTML
M1,MedDRA website,https://www.meddra.org/,Related links,HTML
M1 PtC WG,M1 PTC Concept Paper,https://database.ich.org/sites/default/files/M1_PtC_WG_Concept_Paper.pdf,Endorsed Documents,PDF
M1 PtC WG,M1 PtC Work Plan,https://database.ich.org/sites/default/files/ICH_M1%20PtC_EWG_WorkPlan_2025_0721_FINAL.pdf,Endorsed Documents,PDF
M1 PtC WG,MedDRA PtC page,https://www.meddra.org/how-to-use/support-documentation?current=,Endorsed Documents,HTML
M1 PtC WG,M1 PtC Working Group,https://database.ich.org/sites/default/files/Annex%206%20-%20M1%20PtC%20Working%20Group.pdf,Procedure Documents,PDF
M2 EWG,M2 Concept Paper,https://database.ich.org/sites/default/files/M2_EWG_Concept_Paper.pdf,Endorsed Documents,PDF
M2 EWG,M2 Work Plan,https://database.ich.org/sites/default/files/ICH_M2_EWG_WorkPlan_2025_0214.pdf,Endorsed Documents,PDF
M2 EWG,M2 Terminology List,https://database.ich.org/sites/default/files/ICH%20M2%20Terminology%20List%20Management%20Processes%20v1_1.pdf,Terminology List,PDF
M2 EWG,Presentation SDOs,https://database.ich.org/sites/default/files/E2B%28R3%29_EWG_IWG_Presentation_SDOs_1.ppt,WG Presentations / Trainings,PPT
M2 EWG,ESTRI page,https://ich.org/page/electronic-standards-estri,Related Links,HTML
M3(R2),M3(R2) Guideline,https://database.ich.org/sites/default/files/M3_R2__Guideline.pdf,Guideline,PDF
M3(R2),M3(R2) Concept Paper,https://database.ich.org/sites/default/files/M3_R2__Concept_Paper.pdf,Endorsed Document,PDF
M3(R2),M3(R2) Presentation,https://database.ich.org/sites/default/files/M3_R2__Presentation.pdf,WG Presentations / Trainings,PDF
M3(R2) Q&As (R2),M3(R2) Q&As (R2) Questions & Answers,https://database.ich.org/sites/default/files/M3_R2_Q%26As_R2_Q%26As_0.pdf,Questions & Answers,PDF
M3(R2) Q&As (R2),M3(R2) Q&As (R2) Concept Paper,https://database.ich.org/sites/default/files/M3_R2_Q%26As_R2_Concept_Paper.pdf,Endorsed Document,PDF
M5,Presentation SDOs,https://database.ich.org/sites/default/files/E2B%28R3%29_EWG_IWG_Presentation_SDOs_2.ppt,WG Presentations / Trainings,PPT
M5,More information on E2B,https://ich.org/page/e2br3-individual-case-safety-report-icsr-specification-and-related-files,Related Links,HTML
M6,M6 Concept Paper,https://database.ich.org/sites/default/files/M6_Concept_Paper.pdf,Endorsed Documents,PDF
M6,M6 Business Plan,https://database.ich.org/sites/default/files/M6_Business_Plan_0.pdf,Endorsed Documents,PDF
M6,M6 Appendix 1,https://database.ich.org/sites/default/files/M6_Appendix1.pdf,Other documents,PDF
M6,M6 Appendix 2,https://database.ich.org/sites/default/files/M6_Appendix2_0.pdf,Other documents,PDF
M7(R2),M7(R2) Guideline,https://database.ich.org/sites/default/files/ICH_M7%28R2%29_Guideline_Step4_2023_0216_0.pdf,Guideline,PDF
M7(R2),M7(R2) Addendum,https://database.ich.org/sites/default/files/ICH_M7%28R2%29_Addendum_Step4_2023_0531_0.pdf,Guideline,PDF
M7(R2),M7(R2) Concept Paper,https://database.ich.org/sites/default/files/M7_R2_Maintenance_EWG-IWG_Concept_Paper.pdf,Endorsed Documents,PDF
M7(R2),M7(R2) Step 4 Presentation,https://database.ich.org/sites/default/files/ICH_M7%28R2%29_2ndAddendum_Step_4_Presentation_2023_0516.pdf,WG Presentation / Trainings,PDF
M7(R2),M7(R1) Training Material,https://database.ich.org/sites/default/files/M7_R1_Training_Material_0.mp4,WG Presentation / Trainings,MP4
M7(R2) Q&As,M7(R2) Q&As,https://database.ich.org/sites/default/files/M7R2_QAs_Step3_2022_0517-Error%20Corrected.pdf,Q&As,PDF
M7(R2) Q&As,M7(R2) Maintenance Concept Paper,https://database.ich.org/sites/default/files/M7_R2_Maintenance_EWG-IWG_Concept_Paper_0.pdf,Endorsed Documents,PDF
M7(R2) Q&As,M7(R2) Q&As Step 4 Presentation,https://database.ich.org/sites/default/files/ICH_M7%28R2%29_QAs_Step_4_Presentation_2023_0516.pdf,WG Presentation / Trainings,PDF
M7(R3) Maintenance EWG/IWG,M7(R3) Work Plan,https://database.ich.org/sites/default/files/ICH_M7%28R3%29_EWGIWG_WorkPlan_2024_0227.pdf,Endorsed Documents,PDF
M7(R3) Maintenance EWG/IWG,"Maintenance Procedure for Q3C, Q3D and M7",https://database.ich.org/sites/default/files/Annex%204%20-%20Maintenance%20Procedure%20for%20Q3C%2C%20Q3D%2C%20and%20M7_1_0.pdf,Maintenance Procedure,PDF
M7 Sub-group,M7 Sub-group Concept Paper,https://database.ich.org/sites/default/files/ICH_M7SubGroup_Final_Concept_Paper_2024_0424.pdf,Endorsed Documents,PDF
M7 Sub-group,M7 Sub-group Work Plan,https://database.ich.org/sites/default/files/ICH_M7SubGroup_EWG_WorkPlan_2025_0725_Final.pdf,Endorsed Documents,PDF
M8 eCTD v3.2.2,ESTRI page for eCTD V3.2.2,https://ich.org/page/ich-electronic-common-technical-document-ectd-v322-specification-and-related-files,Related Links,HTML
M8 eCTD v4.0,ESTRI page for eCTD v4.0,https://ich.org/page/ich-electronic-common-technical-document-ectd-v40,Related Links,HTML
M8 EWG/IWG,M8 Concept Paper,https://database.ich.org/sites/default/files/M8_EWG_IWG_Concept_Paper.pdf,Endorsed Documents,PDF
M8 EWG/IWG,M8 Revised Concept Paper,https://database.ich.org/sites/default/files/M8_EWG_IWG_REVISED_Concept_Paper.pdf,Endorsed Documents,PDF
M8 EWG/IWG,M8 Work Plan,https://database.ich.org/sites/default/files/ICH_M8_EWG_WorkPlan_2025_0721_FINAL.pdf,Endorsed Documents,PDF
M8 EWG/IWG,ESTRI page for eCTD v4.0,https://www.ich.org/page/ich-electronic-common-technical-document-ectd-v40,Related Links,HTML
M8 EWG/IWG,ESTRI page for eCTD V3.2.2,https://www.ich.org/page/ich-electronic-common-technical-document-ectd-v322-specification-and-related-files,Related Links,HTML
M9,M9 Guideline,https://database.ich.org/sites/default/files/M9_Guideline_Step4_2019_1116.pdf,Guideline,PDF
M9,M9 Concept Paper,https://database.ich.org/sites/default/files/M9_EWG_Concept_Paper_0.pdf,Endorsed Documents,PDF
M9,M9 Business Plan,https://database.ich.org/sites/default/files/M9_EWG_Business_Plan_0.pdf,Endorsed Documents,PDF
M9,M9 Step 4 Presentation,https://database.ich.org/sites/default/files/M9_Step_4_Presentation_2020_0302.pdf,WG Presentations / Trainings,PDF
M9 Q&As,M9 Q&As,https://database.ich.org/sites/default/files/M9_QAs_Step4_2021_0106.pdf,Q&As,PDF
M10,M10 Guideline,https://database.ich.org/sites/default/files/M10_Guideline_Step4_2022_0524.pdf,Guideline,PDF
M10,M10 Concept Paper,https://database.ich.org/sites/default/files/M10_EWG_Concept_Paper.pdf,Endorsed Documents,PDF
M10,M10 Business Plan,https://database.ich.org/sites/default/files/M10_EWG_Business_Plan.pdf,Endorsed Documents,PDF
M10,M10 Step 4 Presentation,https://database.ich.org/sites/default/files/ICH_M10_Step_4_Presentation_2022_1123.pdf,WG Presentations / Trainings,PDF
M10,M10 Training Materials,https://database.ich.org/sites/default/files/ICH_M10_EWG_Training_Material_2024_0127.pdf,WG Presentations / Trainings,PDF
M10 Q&As,M10 Q&As,https://database.ich.org/sites/default/files/ICH_M10_QAs_2022_1111.pdf,Questions and Answers,PDF
M11 EWG,M11 Guideline,https://database.ich.org/sites/default/files/ICH_Step4_M11_Final_Guideline_2025_1119.pdf,Guideline,PDF
M11 EWG,M11 Technical Specification,https://database.ich.org/sites/default/files/ICH_Step4_M11_Final_TechnicalSpecification_2025_1119.pdf,Guideline,PDF
M11 EWG,M11 Template,https://database.ich.org/sites/default/files/ICH_Step4_M11_Final_Template_2025_1119.pdf,Guideline,PDF
M11 EWG,M11 Concept Paper,https://database.ich.org/sites/default/files/M11_EWG_Concept_Paper.pdf,Endorsed Documents,PDF
M11 EWG,M11 Business Plan,https://database.ich.org/sites/default/files/M11_EWG_Business_Plan.pdf,Endorsed Documents,PDF
M11 EWG,M11 Work Plan,https://database.ich.org/sites/default/files/ICH_M11_EWG_WorkPlan_2025_0725_FINAL.pdf,Endorsed Documents,PDF
M11 EWG,M11 Step 2 Presentation,https://database.ich.org/sites/default/files/ICH%20M11_Step_2_Presentation_2022_09_27.pdf,WG Presentations / Trainings,PDF
M11 EWG,M11 Step 2 Updated Technical Specification Presentation,https://database.ich.org/sites/default/files/ICH_M11_Step_2_Presentation_Updated%20Technical%20Specification_2025_0314.pdf,WG Presentations / Trainings,PDF
M12,M12 Guideline,https://database.ich.org/sites/default/files/ICH_M12_Step4_Guideline_2024_0521_0.pdf,Guideline,PDF
M12,M12 Concept Paper,https://database.ich.org/sites/default/files/M12_FinalConceptPaper_2019_1117.pdf,Endorsed Documents,PDF
M12,M12 Business Plan,https://database.ich.org/sites/default/files/M12_FinalBusiness%20Plan_2019_1117.pdf,Endorsed Documents,PDF
M12,M12 Step 4 Presentation,https://database.ich.org/sites/default/files/ICH_M12_Step%204_Presentation_2024_0423_2.pdf,WG Presentations / Trainings,PDF
M12 Q&As,M12 Q&As,https://database.ich.org/sites/default/files/ICH_M12_Step4_Q%26As_2023_0521.pdf,Files,PDF
M13A EWG,M13A Guideline,https://database.ich.org/sites/default/files/ICH_M13A_Step4_Final_Guideline_2024_0723.pdf,Guideline,PDF
M13A EWG,M13 Concept Paper,https://database.ich.org/sites/default/files/ICH_M13_Concept_Paper_2020_0710.pdf,Endorsed Documents,PDF
M13A EWG,M13A Step 4 Presentation,https://database.ich.org/sites/default/files/ICH_M13A_Step4_Presentation_2024_0716.pdf,WG Presentations / Trainings,PDF
M13A Q&As,M13A Q&As,https://database.ich.org/sites/default/files/ICH_M13A_Step4_QAs_2024_0723.pdf,Files,PDF
M13B EWG,M13B Draft Guideline,https://database.ich.org/sites/default/files/M13B_Draft%20Guideline_Step2_2025_0212_0.pdf,Guideline,PDF
M13B EWG,M13 Concept Paper,https://database.ich.org/sites/default/files/ICH_M13_Concept_Paper_2020_0710_0.pdf,Endorsed Documents,PDF
M13B EWG,M13 Work Plan,https://database.ich.org/sites/default/files/ICH_M13_EWG_WorkPlan_2025_0725_FINAL.pdf,Endorsed Documents,PDF
M13B EWG,M13B Concept Paper Supplement,https://database.ich.org/sites/default/files/ICH_M13EWG_M13BConceptPaperSupplement_2023_0302.pdf,Supplemental Documents,PDF
M13B EWG,M13B Step 2 Presentation,https://database.ich.org/sites/default/files/ICH_M13B_Step2_Presentation_2025_0218.pdf,WG Presentation / Trainings,PDF
M13C EWG,M13 Concept Paper,https://database.ich.org/sites/default/files/ICH_M13_Concept_Paper_2020_0710_1.pdf,Endorsed Document,PDF
M13C EWG,M13 Work Plan,https://database.ich.org/sites/default/files/ICH_M13_EWG_WorkPlan_2025_0725_FINAL_0.pdf,Endorsed Document,PDF
M13C EWG,M13C Concept Paper Supplement,https://database.ich.org/sites/default/files/ICH_M13_M13CConceptPaperSupplement_2025_0127_0.pdf,Supplemental Documents,PDF
M14,M14 Guideline,https://database.ich.org/sites/default/files/ICH_M14_Step4_Final_Guideline_2025_0905.pdf,Guideline,PDF
M14,M14 Concept Paper,https://database.ich.org/sites/default/files/M14_ConceptPaper_2022_0405.pdf,Endorsed Documents,PDF
M14,M14 Business Plan,https://database.ich.org/sites/default/files/M14_BusinessPlan_2022_0405.pdf,Endorsed Documents,PDF
M14,M14 Step 4 presentation,https://database.ich.org/sites/default/files/ICH_Step_4_Presentation_Final_2025_0903_0.pdf,WG Presentation / Trainings,PDF
M15 EWG,M15 Final Guideline,https://database.ich.org/sites/default/files/ICH_M15_Step4_Final_Guideline_2026_0129.pdf,Guideline,PDF
M15 EWG,Table for Assessment,https://database.ich.org/sites/default/files/ICH%20M15_Table%20for%20Assessment%20of%20MIDD%20Evidence_2026_0316.docx,Guideline,DOCX
M15 EWG,Model-Informed Drug Development (MIDD) Discussion Group Roadmap,https://database.ich.org/sites/default/files/ICH_MIDD_Roadmap_2022_0503.pdf,MIDD DG Roadmap,PDF
M15 EWG,M15 Concept Paper,https://database.ich.org/sites/default/files/ICH_M15_ConceptPaper_Final_2022_1102.pdf,Endorsed Documents,PDF
M15 EWG,M15 Business Plan,https://database.ich.org/sites/default/files/ICH_M15_BusinessPlan_Final_2022_1027.pdf,Endorsed Documents,PDF
M15 EWG,M15 Work Plan,https://database.ich.org/sites/default/files/ICH_M15_EWG_WorkPlan_2025_0725_FINAL.pdf,Endorsed Documents,PDF
M15 EWG,ICH Step 4 Presentation,https://database.ich.org/sites/default/files/ICH_Step_4_Presentation_M15_2026_0316_1.pdf,WG Presentation / Trainings,PDF
M18 EWG,M18 Concept Paper,https://database.ich.org/sites/default/files/ICH_M18_Final_Concept_Paper_MCEndorsed_2025_1119.pdf,Endorsed Documents,PDF
